Timestamp,Current,MVoltage,Sl1Voltage,Sl2Voltage,Sl3Voltage,T000007c0681f,T000007c2763a,T000007c0a876,T000007c1a9bf
1484262188.65,0.0436935424805,3.60852734375,3.65929296875,3.6684453125,3.65350585938,21.187,21.312,21.25,21.687
1484262189.65,-0.00303649902344,3.60853515625,3.65458398437,3.66340625,3.6487890625,21.187,21.312,21.25,21.687
1484262190.71,0.147453308105,3.60852929688,3.6545859375,3.66341210938,3.64879101563,21.375,21.25,21.687,21.25
1484262191.71,-0.0552978515625,3.60852929688,3.65458007812,3.66341601563,3.648796875,21.375,21.25,21.687,21.25
1484262192.71,0.00535583496094,3.60851953125,3.65458007812,3.6634140625,3.64879296875,21.25,21.375,21.25,21.687
1484262193.65,0.0173721313477,3.60851367187,3.65458789063,3.66341796875,3.6487890625,21.25,21.375,21.25,21.687
1484262194.66,0.033203125,3.60852734375,3.65457617188,3.66341601563,3.64878320313,21.25,21.375,21.312,21.687
1484262195.71,0.0105056762695,3.60852929688,3.654578125,3.66341210938,3.64879492187,21.25,21.375,21.312,21.687
1484262196.71,0.0341567993164,3.60853125,3.65458203125,3.66341210938,3.64878515625,21.25,21.687,21.375,21.312
1484262197.71,-0.0408020019531,3.60853125,3.65458398437,3.66341210938,3.6487890625,21.25,21.687,21.375,21.312
1484262198.71,0.0686798095703,3.60851953125,3.65458398437,3.66340234375,3.64879296875,21.25,21.375,21.687,21.312
1484262199.72,0.107971191406,3.60851757813,3.65458203125,3.66340820312,3.64878710938,21.25,21.375,21.687,21.312
1484262200.72,-0.0453796386719,3.608515625,3.65458398437,3.66340429688,3.64879101563,21.25,21.437,21.312,21.75
1484262201.72,-0.0140991210938,3.6085390625,3.65458398437,3.66341210938,3.648796875,21.25,21.437,21.312,21.75
1484262202.72,0.0724945068359,3.60851953125,3.65458007812,3.6634140625,3.6487890625,21.25,21.375,21.312,21.75
1484262203.72,-0.0430908203125,3.60852929688,3.65457617188,3.6634140625,3.64878515625,21.25,21.375,21.312,21.75
1484262204.72,0.160423278809,3.60851367187,3.65457421875,3.66340429688,3.64878515625,21.25,21.437,21.312,21.75
1484262205.72,-0.00532531738281,3.60853125,3.6545859375,3.66340625,3.6487890625,21.25,21.437,21.312,21.75
1484262206.72,-0.0186767578125,3.6085078125,3.654578125,3.66340429688,3.64878515625,21.312,21.312,21.375,21.75
1484262207.73,0.065055847168,3.6085234375,3.6545859375,3.66341015625,3.64879296875,21.312,21.312,21.375,21.75
1484262208.73,0.127998352051,3.60852929688,3.65458398437,3.66340820312,3.64878515625,21.25,21.375,21.375,21.75
1484262209.73,0.201622009277,3.60852929688,3.65457617188,3.66341796875,3.64878125,21.25,21.375,21.375,21.75
1484262210.73,0.0890884399414,3.60852929688,3.65458398437,3.66341015625,3.64878515625,21.25,21.437,21.312,21.75
1484262211.73,-0.0688400268555,3.60852734375,3.65457617188,3.66340625,3.64878125,21.25,21.437,21.312,21.75
1484262212.73,-0.0646438598633,3.6085234375,3.6545859375,3.6634140625,3.64878320313,21.25,21.437,21.312,21.75
1484262213.73,-0.041374206543,3.608515625,3.65458203125,3.66341015625,3.64878710938,21.25,21.437,21.312,21.75
1484262214.74,0.184265136719,3.60852148438,3.65458007812,3.66340234375,3.64877929687,21.312,21.312,21.437,21.75
1484262215.74,-0.124725341797,3.60851953125,3.65456445312,3.66340429688,3.64879296875,21.312,21.312,21.437,21.75
1484262216.74,0.0866088867188,3.608515625,3.65456835938,3.66340625,3.64878125,21.312,21.437,21.812,21.312
1484262217.74,-0.150093078613,3.60852148438,3.65457421875,3.66340625,3.6487890625,21.312,21.437,21.812,21.312
1484262218.78,0.134864807129,3.60850976563,3.65456054687,3.66339648438,3.6487890625,21.312,21.437,21.75,21.375
1484262219.69,-0.0499572753906,3.60852539063,3.6545703125,3.66340234375,3.64878515625,21.312,21.437,21.75,21.375
1484262220.74,-0.0778045654297,3.60853515625,3.65457617188,3.66340234375,3.64878320313,21.312,21.437,21.312,21.75
1484262221.69,-0.0671234130859,3.6085234375,3.65457617188,3.66340429688,3.64877734375,21.312,21.437,21.312,21.75
1484262222.69,-0.0310745239258,3.60853320312,3.65458398437,3.66341015625,3.64878710938,21.312,21.437,21.312,21.75
1484262223.69,-0.0181045532227,3.60853320312,3.6545703125,3.66340429688,3.64878515625,21.312,21.437,21.312,21.75
1484262224.69,0.0276718139648,3.60852148438,3.654578125,3.66341015625,3.64878320313,21.375,21.437,21.375,21.75
1484262225.75,0.0763092041016,3.60852734375,3.6545703125,3.66340625,3.64879296875,21.375,21.437,21.375,21.75
1484262226.75,-0.0333633422852,3.60853320312,3.654578125,3.66340039063,3.64878320313,21.312,21.437,21.312,21.75
1484262227.69,0.000968933105469,3.60852148438,3.65457421875,3.66339648438,3.6487890625,21.312,21.437,21.312,21.75
1484262228.69,-0.069221496582,3.6085234375,3.654578125,3.66340429688,3.64878710938,21.312,21.437,21.75,21.375
1484262229.69,-0.0337448120117,3.60852734375,3.65458203125,3.66341015625,3.64878710938,21.312,21.437,21.75,21.375
1484262230.75,0.044075012207,3.608515625,3.654578125,3.66341210938,3.64878515625,21.312,21.437,21.312,21.75
1484262231.7,-0.00837707519531,3.60852734375,3.65457226563,3.66340429688,3.64878125,21.312,21.437,21.312,21.75
1484262232.7,0.0353012084961,3.60852148438,3.65458203125,3.66342382813,3.64878710938,21.312,21.437,21.75,21.375
1484262233.7,0.0366363525391,3.60853125,3.65457421875,3.66340039063,3.6487890625,21.312,21.437,21.75,21.375
1484262234.7,-0.0364151000977,3.60851953125,3.65457617188,3.66340234375,3.64878515625,21.312,21.437,21.375,21.75
1484262235.76,-0.014289855957,3.60851953125,3.6545703125,3.66339648438,3.64877734375,21.312,21.437,21.375,21.75
1484262236.76,-0.0751342773438,3.60850976563,3.65456835938,3.66340429688,3.64878125,21.375,21.312,21.75,21.437
1484262237.76,-0.146850585938,3.60851171875,3.6545703125,3.66340234375,3.64878710938,21.375,21.312,21.75,21.437
1484262238.76,-0.0684585571289,3.60852539063,3.65456640625,3.66340625,3.64877929687,21.312,21.437,21.375,21.75
1484262239.71,-0.0409927368164,3.608515625,3.65456835938,3.66340625,3.64877539063,21.312,21.437,21.375,21.75
1484262240.76,-0.044807434082,3.608515625,3.65456640625,3.66340625,3.64877929687,21.312,21.437,21.75,21.375
1484262241.76,0.0187072753906,3.60852148438,3.65456445312,3.66341015625,3.64878710938,21.312,21.437,21.75,21.375
1484262242.76,0.179878234863,3.60853320312,3.654578125,3.66340820312,3.64878320313,21.312,21.437,21.375,21.75
1484262243.71,-0.130828857422,3.6085234375,3.654578125,3.66341210938,3.64877734375,21.312,21.437,21.375,21.75
1484262244.71,0.0507507324219,3.6085234375,3.65455859375,3.66340625,3.64877539063,21.312,21.312,21.437,21.812
1484262245.72,0.00592803955078,3.60852148438,3.65457421875,3.66339648438,3.64878320313,21.312,21.312,21.437,21.812
1484262246.71,0.108352661133,3.60851953125,3.65456640625,3.66340820312,3.6487734375,21.312,21.375,21.437,21.812
1484262247.71,-0.0820007324219,3.60853125,3.65457617188,3.66339453125,3.64877539063,21.312,21.375,21.437,21.812
1484262248.72,0.190940856934,3.6085234375,3.65457617188,3.66340039063,3.64877929687,21.312,21.437,21.375,21.812
1484262249.72,-0.0993576049805,3.60851757813,3.65457617188,3.66339648438,3.64878125,21.312,21.437,21.375,21.812
1484262250.77,0.0236663818359,3.60852929688,3.65455664063,3.66340039063,3.64877734375,21.312,21.437,21.375,21.812
1484262251.84,-0.189765930176,3.60851171875,3.65459179688,3.66340039063,3.64877929687,21.312,21.437,21.375,21.812
1484262252.78,0.0715408325195,3.60851367187,3.65454296875,3.66340625,3.64877929687,21.312,21.375,21.437,21.75
1484262253.78,-0.175079345703,3.60852148438,3.65455078125,3.66340234375,3.64878320313,21.312,21.375,21.437,21.75
1484262254.78,0.0669631958008,3.60851367187,3.65457617188,3.66340039063,3.64878125,21.312,21.437,21.375,21.75
1484262255.78,-0.109848022461,3.60853125,3.65452539062,3.6633984375,3.6487734375,21.312,21.437,21.375,21.75
1484262256.78,-0.129493713379,3.60850976563,3.65460351562,3.663390625,3.64877734375,21.312,21.437,21.375,21.812
1484262257.73,-0.0348892211914,3.60850976563,3.65458203125,3.66339257812,3.64878125,21.312,21.437,21.375,21.812
1484262258.73,0.0654373168945,3.60851953125,3.654578125,3.66339648438,3.64877734375,21.312,21.437,21.75,21.375
1484262259.73,-0.0558700561523,3.608515625,3.65458984375,3.663390625,3.64877929687,21.312,21.437,21.75,21.375
1484262260.78,-0.0190582275391,3.60851953125,3.654578125,3.66340039063,3.64877539063,21.312,21.437,21.375,21.75
1484262261.79,-0.0255432128906,3.60851367187,3.65456054687,3.66339257812,3.6487734375,21.312,21.437,21.375,21.75
1484262262.85,-0.0669326782227,3.60851367187,3.65458203125,3.66339453125,3.64877539063,21.312,21.437,21.375,21.812
1484262263.73,-0.00284576416016,3.60852539063,3.65459570313,3.66339257812,3.64877929687,21.312,21.437,21.375,21.812
1484262264.73,0.190940856934,3.60850195313,3.65457421875,3.66337890625,3.6487734375,21.312,21.437,21.75,21.375
1484262265.79,0.0116500854492,3.60850976563,3.654546875,3.6633984375,3.64878515625,21.312,21.437,21.75,21.375
1484262266.79,0.0423583984375,3.60851953125,3.65456835938,3.66339257812,3.64877539063,21.312,21.437,21.375,21.812
1484262267.79,0.0394973754883,3.60851367187,3.654546875,3.66339648438,3.64877539063,21.312,21.437,21.375,21.812
1484262268.79,0.00688171386719,3.608515625,3.65461132813,3.66340039063,3.64877539063,21.312,21.437,21.375,21.812
1484262269.8,0.0343475341797,3.60851757813,3.65455273438,3.66339257812,3.64877539063,21.312,21.437,21.375,21.812
1484262270.8,-0.0430908203125,3.6085078125,3.65459765625,3.663390625,3.64878710938,21.312,21.375,21.437,21.812
1484262271.8,0.027099609375,3.6085234375,3.6545234375,3.66340039063,3.64877539063,21.312,21.375,21.437,21.812
1484262272.85,0.0335845947266,3.60851367187,3.65455859375,3.66340039063,3.64877148438,21.312,21.437,21.375,21.75
1484262273.74,0.118270874023,3.60851757813,3.65459179688,3.6633984375,3.64877148438,21.312,21.437,21.375,21.75
1484262274.74,-0.0247802734375,3.60851367187,3.654578125,3.6633984375,3.64878320313,21.25,21.437,21.375,21.812
1484262275.8,-0.0799026489258,3.6085078125,3.65458203125,3.66338671875,3.64877539063,21.25,21.437,21.375,21.812
1484262276.8,-0.0184860229492,3.60851757813,3.6545703125,3.6633984375,3.6487734375,21.312,21.437,21.375,21.812
1484262277.85,-0.00780487060547,3.60852148438,3.65453710938,3.66338867187,3.64877148438,21.312,21.437,21.375,21.812
1484262278.81,-0.0547256469727,3.60851171875,3.65455273438,3.66338867187,3.64876953125,21.375,21.75,21.437,21.25
1484262279.81,-0.00856781005859,3.60850976563,3.65455859375,3.66338476563,3.64877148438,21.375,21.75,21.437,21.25
1484262280.81,-0.0741806030273,3.60851171875,3.65455078125,3.66338671875,3.64877734375,21.312,21.437,21.812,21.375
1484262281.81,0.0330123901367,3.60851171875,3.65455078125,3.66338867187,3.64876367188,21.312,21.437,21.812,21.375
1484262282.81,-0.0295486450195,3.60851953125,3.654546875,3.663390625,3.64877148438,21.312,21.437,21.375,21.812
1484262283.81,-0.00627899169922,3.60852734375,3.6545703125,3.663390625,3.64877539063,21.312,21.437,21.375,21.812
1484262284.81,-0.10050201416,3.608515625,3.65456054687,3.66339648438,3.64877929687,21.437,21.312,21.375,21.812
1484262285.81,0.00440216064453,3.60850585938,3.65455859375,3.66339257812,3.648765625,21.437,21.312,21.375,21.812
1484262286.82,0.0269088745117,3.60850585938,3.65456054687,3.663390625,3.6487734375,21.25,21.437,21.812,21.375
1484262287.76,0.00707244873047,3.60851171875,3.65456054687,3.66339257812,3.64877929687,21.25,21.437,21.812,21.375
1484262288.76,0.0419769287109,3.60850585938,3.65456640625,3.66339648438,3.64877734375,21.312,21.437,21.375,21.812
1484262289.76,0.0246200561523,3.60850390625,3.65454101562,3.66338867187,3.6487734375,21.312,21.437,21.375,21.812
1484262290.82,-0.00456237792969,3.60851953125,3.6545234375,3.66338476563,3.64876953125,21.312,21.5,21.812,21.375
1484262291.82,-0.0181045532227,3.60851171875,3.65457421875,3.66339257812,3.6487734375,21.312,21.5,21.812,21.375
1484262292.82,-0.00246429443359,3.60849804687,3.65456640625,3.66339453125,3.6487734375,21.437,21.312,21.375,21.812
1484262293.82,-0.0524368286133,3.60851367187,3.65450976563,3.66338867187,3.64876367188,21.437,21.312,21.375,21.812
1484262294.89,0.0198516845703,3.608515625,3.6545703125,3.663390625,3.64876953125,21.312,21.375,21.437,21.812
1484262295.83,-0.0736083984375,3.60850585938,3.65451757813,3.66339453125,3.64876953125,21.312,21.375,21.437,21.812
1484262296.77,-0.041374206543,3.60850390625,3.6545625,3.66339453125,3.64877929687,21.312,21.437,21.375,21.75
1484262297.77,0.0389251708984,3.60851757813,3.65456054687,3.663390625,3.648765625,21.312,21.437,21.375,21.75
1484262298.77,-0.0425186157227,3.6085078125,3.65456835938,3.66339453125,3.648765625,21.312,21.812,21.375,21.437
1484262299.77,0.0610504150391,3.60851757813,3.65452539062,3.6633984375,3.64876757813,21.312,21.812,21.375,21.437
1484262300.83,0.0290069580078,3.60850585938,3.65452929688,3.66338476563,3.64877734375,21.312,21.5,21.375,21.812
1484262301.83,-0.0694122314453,3.60850195313,3.65460546875,3.66339257812,3.64877734375,21.312,21.5,21.375,21.812
1484262302.83,-0.0211563110352,3.60850390625,3.65454882813,3.66338476563,3.64876367188,21.312,21.437,21.375,21.812
1484262303.89,-0.0121917724609,3.60850976563,3.6545546875,3.66338671875,3.64876171875,21.312,21.437,21.375,21.812
1484262304.83,0.0295791625977,3.60850195313,3.65453710938,3.66338085938,3.64877148438,21.437,21.375,21.75,21.312
1484262305.89,0.0423583984375,3.60851367187,3.65457421875,3.66337890625,3.64876953125,21.437,21.375,21.75,21.312
1484262306.84,0.00421142578125,3.6085,3.6545546875,3.66337890625,3.64876953125,21.375,21.75,21.437,21.312
1484262307.84,0.02099609375,3.6085078125,3.65458984375,3.66339257812,3.64876953125,21.375,21.75,21.437,21.312
1484262308.84,0.0147018432617,3.60851171875,3.65454101562,3.66338476563,3.6487734375,21.5,21.312,21.812,21.375
1484262309.79,0.0320587158203,3.60851367187,3.65456835938,3.66339257812,3.64877148438,21.5,21.312,21.812,21.375
1484262310.84,-0.0459518432617,3.60850195313,3.6545703125,3.66338867187,3.64876367188,21.312,21.437,21.75,21.375
1484262311.79,-0.009521484375,3.60849609375,3.65458007812,3.66339453125,3.64876757813,21.312,21.437,21.75,21.375
1484262312.79,-0.0890579223633,3.60850195313,3.65454492187,3.66339453125,3.64875976562,21.312,21.375,21.437,21.812
1484262313.79,-0.100120544434,3.60850976563,3.65453710938,3.66338476563,3.64876367188,21.312,21.375,21.437,21.812
1484262314.79,-0.05224609375,3.60851757813,3.65458789063,3.66336914062,3.64876171875,21.312,21.437,21.375,21.812
1484262315.85,0.0343475341797,3.60850390625,3.65458789063,3.66338867187,3.6487734375,21.312,21.437,21.375,21.812
1484262316.85,0.0147018432617,3.6085078125,3.65458398437,3.66337890625,3.64876367188,21.25,21.437,21.375,21.812
1484262317.8,-0.0295486450195,3.6085,3.65457226563,3.66338867187,3.64876953125,21.25,21.437,21.375,21.812
1484262318.79,0.0633392333984,3.60849804687,3.65458984375,3.66337109375,3.64876367188,21.312,21.5,21.375,21.812
1484262319.8,-0.00570678710938,3.60850390625,3.6545703125,3.66338476563,3.64877148438,21.312,21.5,21.375,21.812
1484262320.9,0.025764465332,3.60850195313,3.65452734375,3.663375,3.64876953125,21.312,21.437,21.812,21.375
1484262321.85,-0.00685119628906,3.6085,3.65454101562,3.66337890625,3.64876171875,21.312,21.437,21.812,21.375
1484262322.85,-0.0915374755859,3.60850195313,3.654578125,3.66338085938,3.64877734375,21.25,21.437,21.375,21.812
1484262323.8,0.0700149536133,3.60850195313,3.65454492187,3.66338476563,3.6487578125,21.25,21.437,21.375,21.812
1484262324.8,0.0427398681641,3.60850585938,3.65455664063,3.663390625,3.64876171875,21.25,21.437,21.812,21.375
1484262325.86,-0.057014465332,3.60851367187,3.65453515625,3.66338867187,3.64876757813,21.25,21.437,21.812,21.375
1484262326.86,0.00650024414062,3.60849609375,3.6545546875,3.663390625,3.64875976562,21.25,21.812,21.375,21.437
1484262327.8,0.080696105957,3.60849609375,3.65455273438,3.66338476563,3.64876953125,21.25,21.812,21.375,21.437
1484262328.81,-0.00151062011719,3.60850585938,3.6545625,3.66339257812,3.648765625,21.25,21.437,21.375,21.812
1484262329.81,-0.0453796386719,3.60850585938,3.65457617188,3.6633828125,3.64876367188,21.25,21.437,21.375,21.812
1484262330.86,-0.075325012207,3.60850390625,3.65452929688,3.66337304687,3.6487578125,21.25,21.437,21.375,21.812
1484262331.81,0.100723266602,3.6085,3.65456054687,3.66338476563,3.64877148438,21.25,21.437,21.375,21.812
1484262332.81,0.0732574462891,3.6085078125,3.6545703125,3.66339257812,3.6487578125,21.25,21.437,21.375,21.812
1484262333.81,0.23900604248,3.60848632813,3.65452539062,3.6633671875,3.64876757813,21.25,21.437,21.375,21.812
1484262334.81,0.259414672852,3.60851953125,3.65455859375,3.66338085938,3.6487578125,21.187,21.437,21.812,21.375
1484262335.87,0.0110778808594,3.6085078125,3.65459765625,3.66337890625,3.6487578125,21.187,21.437,21.812,21.375
1484262336.87,-0.105461120605,3.60849023438,3.65453515625,3.66337890625,3.64875390625,21.187,21.375,21.812,21.437
1484262337.82,0.00402069091797,3.60850585938,3.65459765625,3.66337695313,3.64875976562,21.187,21.375,21.812,21.437
1484262338.81,0.0137481689453,3.60849023438,3.65458203125,3.6633828125,3.64876757813,21.25,21.437,21.375,21.812
1484262339.82,-0.0516738891602,3.60848046875,3.65455859375,3.66337890625,3.64876367188,21.25,21.437,21.375,21.812
1484262340.87,-0.0160064697266,3.60850976563,3.65456835938,3.663390625,3.64875585938,21.187,21.812,21.375,21.5
1484262341.87,0.0732574462891,3.60850195313,3.65451953125,3.66338085938,3.64876367188,21.187,21.812,21.375,21.5
1484262342.87,0.040641784668,3.60850195313,3.654515625,3.66337695313,3.648765625,21.25,21.5,21.375,21.812
1484262343.82,-0.0364151000977,3.6085,3.654578125,3.66337304687,3.64876171875,21.25,21.5,21.375,21.812
1484262344.82,0.02099609375,3.60851757813,3.65454492187,3.663375,3.64876171875,21.25,21.437,21.375,21.812
1484262345.88,0.243011474609,3.60849804687,3.6545703125,3.66337109375,3.64876171875,21.25,21.437,21.375,21.812
1484262346.88,-0.17374420166,3.6085078125,3.65454101562,3.66337890625,3.64876171875,21.25,21.5,21.375,21.812
1484262347.88,0.195137023926,3.6084921875,3.65458203125,3.66338085938,3.64876757813,21.25,21.5,21.375,21.812
1484262348.88,-0.262245178223,3.60849804687,3.65453515625,3.66337695313,3.64876171875,21.187,21.437,21.375,21.812
1484262349.88,-0.05224609375,3.60850195313,3.65450976563,3.66338085938,3.64876367188,21.187,21.437,21.375,21.812
1484262350.88,-0.00437164306641,3.60849609375,3.654578125,3.663375,3.64876171875,21.437,21.25,21.375,21.812
1484262351.89,0.153938293457,3.60848828125,3.65455078125,3.66338671875,3.64875976562,21.437,21.25,21.375,21.812
1484262352.89,0.0999603271484,3.60849414062,3.6545546875,3.66338085938,3.64876171875,21.375,21.437,21.25,21.812
1484262353.89,-0.0161972045898,3.60849414062,3.65452734375,3.66337109375,3.64876757813,21.375,21.437,21.25,21.812
1484262354.89,-0.0469055175781,3.6085,3.6545390625,3.663375,3.64875976562,21.187,21.375,21.5,21.812
1484262355.89,0.0183258056641,3.60849609375,3.6545546875,3.66337695313,3.648765625,21.187,21.375,21.5,21.812
1484262356.89,-0.0850524902344,3.60849609375,3.65458789063,3.66337695313,3.6487578125,21.187,21.5,21.812,21.375
1484262357.89,-0.0129547119141,3.60849023438,3.65454101562,3.66338867187,3.64876757813,21.187,21.5,21.812,21.375
1484262358.94,-0.158485412598,3.6085078125,3.65451953125,3.66337890625,3.64876367188,21.187,21.437,21.812,21.437
1484262359.84,0.0465545654297,3.6084921875,3.65453515625,3.66338671875,3.64875976562,21.187,21.437,21.812,21.437
1484262360.9,-0.0873413085938,3.60849023438,3.65450195313,3.66337695313,3.64876171875,21.25,21.5,21.812,21.375
1484262361.9,0.00382995605469,3.6084921875,3.65456054687,3.66339257812,3.64876367188,21.25,21.5,21.812,21.375
1484262362.95,-0.0848617553711,3.608484375,3.65454492187,3.6633828125,3.64875585938,21.25,21.437,21.812,21.375
1484262363.84,-0.101837158203,3.60848242188,3.654546875,3.66337304687,3.64875976562,21.25,21.437,21.812,21.375
1484262364.84,0.0330123901367,3.60849609375,3.65456445312,3.66338671875,3.6487578125,21.187,21.437,21.812,21.375
1484262365.9,0.0658187866211,3.60849023438,3.6545546875,3.663375,3.64875585938,21.187,21.437,21.812,21.375
1484262366.9,-0.0556793212891,3.60849414062,3.65457226563,3.663375,3.64876171875,21.187,21.812,21.437,21.375
1484262367.97,0.00325775146484,3.60849414062,3.6545078125,3.66337695313,3.64876171875,21.187,21.812,21.437,21.375
1484262368.9,0.0795516967773,3.60849804687,3.65454492187,3.66337109375,3.64875976562,21.187,21.812,21.5,21.375
1484262369.85,0.00306701660156,3.60849804687,3.65457421875,3.66336328125,3.64876953125,21.187,21.812,21.5,21.375
1484262370.91,0.0883255004883,3.60849609375,3.6545703125,3.66338476563,3.648765625,21.25,21.5,21.375,21.812
1484262371.91,0.0087890625,3.60848828125,3.65451757813,3.6633828125,3.64875390625,21.25,21.5,21.375,21.812
1484262372.91,-0.0215377807617,3.6084921875,3.65456054687,3.66337304687,3.64875585938,21.187,21.5,21.375,21.812
1484262373.91,-0.139030456543,3.6084765625,3.6545625,3.66337304687,3.64875390625,21.187,21.5,21.375,21.812
1484262374.91,-0.0140991210938,3.60851757813,3.65453320313,3.66336523438,3.6487578125,21.25,21.437,21.375,21.812
1484262375.91,0.0707778930664,3.60849414062,3.65453125,3.66337890625,3.64875,21.25,21.437,21.375,21.812
1484262376.91,0.0522766113281,3.60850585938,3.65455078125,3.66336914062,3.6487578125,21.25,21.375,21.5,21.812
1484262377.86,0.00688171386719,3.6084921875,3.6545625,3.663375,3.64874609375,21.25,21.375,21.5,21.812
1484262378.86,0.031867980957,3.60849023438,3.65455078125,3.6633671875,3.64875585938,21.25,21.5,21.375,21.812
1484262379.86,0.0116500854492,3.60849609375,3.65455078125,3.66337304687,3.64875390625,21.25,21.5,21.375,21.812
1484262380.92,0.00802612304688,3.608515625,3.65451757813,3.66336523438,3.64875585938,21.25,21.5,21.375,21.812
1484262381.92,0.0974807739258,3.60848828125,3.65454882813,3.66338476563,3.64875390625,21.25,21.5,21.375,21.812
1484262382.92,0.0620040893555,3.60848632813,3.6545625,3.663375,3.64875390625,21.25,21.5,21.375,21.812
1484262383.87,0.00497436523438,3.60849023438,3.65453710938,3.66337304687,3.64875390625,21.25,21.5,21.375,21.812
1484262384.87,0.114456176758,3.608515625,3.65456054687,3.66335742188,3.64875390625,21.25,21.437,21.375,21.812
1484262385.92,0.0974807739258,3.60849414062,3.65454882813,3.66337695313,3.64874804688,21.25,21.437,21.375,21.812
1484262386.93,-0.0266876220703,3.60849804687,3.65452929688,3.66336914062,3.64876757813,21.25,21.812,21.375,21.5
1484262387.93,-0.0238265991211,3.60848828125,3.65454492187,3.66337304687,3.64875585938,21.25,21.812,21.375,21.5
1484262388.93,0.0476989746094,3.60849414062,3.65451953125,3.66337109375,3.64875195313,21.375,21.25,21.812,21.5
1484262389.97,-0.0684585571289,3.60850976563,3.654515625,3.66337304687,3.64875195313,21.375,21.25,21.812,21.5
1484262390.93,0.00802612304688,3.60848242188,3.65455078125,3.66336523438,3.64875195313,21.5,21.25,21.812,21.375
1484262391.98,-0.0465240478516,3.60848632813,3.65459765625,3.66336523438,3.64875585938,21.5,21.25,21.812,21.375
1484262392.93,0.0259552001953,3.60849023438,3.654515625,3.66337304687,3.64875195313,21.5,21.375,21.25,21.812
1484262393.93,-0.00475311279297,3.60849804687,3.65455859375,3.66336914062,3.64875195313,21.5,21.375,21.25,21.812
1484262394.94,-0.00933074951172,3.60849414062,3.65458007812,3.66336132813,3.64875195313,21.25,21.5,21.375,21.812
1484262395.94,-0.0455703735352,3.60850585938,3.65453710938,3.66337304687,3.6487578125,21.25,21.5,21.375,21.812
1484262396.94,0.0805053710938,3.6084921875,3.65454101562,3.66336328125,3.64875,21.25,21.5,21.812,21.375
1484262397.89,0.0057373046875,3.6085,3.654546875,3.6633671875,3.6487578125,21.25,21.5,21.812,21.375
1484262398.88,0.0349197387695,3.60848046875,3.65453125,3.66336328125,3.6487578125,21.25,21.5,21.812,21.375
1484262399.89,-0.0537719726562,3.60847460937,3.6545546875,3.66337109375,3.64875195313,21.25,21.5,21.812,21.375
1484262400.94,-0.000556945800781,3.60850585938,3.65455273438,3.6633671875,3.64874609375,21.25,21.5,21.375,21.812
1484262401.94,-0.0640716552734,3.60848046875,3.65450390625,3.66337304687,3.64874609375,21.25,21.5,21.375,21.812
1484262402.94,-0.0648345947266,3.60848828125,3.65451757813,3.6633671875,3.64875390625,21.25,21.375,21.5,21.812
1484262403.94,-0.0425186157227,3.608484375,3.65449609375,3.66336328125,3.64875585938,21.25,21.375,21.5,21.812
1484262404.95,0.0614318847656,3.60848242188,3.65455859375,3.6633671875,3.64875,21.25,21.437,21.375,21.812
1484262405.95,-0.0968780517578,3.60848242188,3.65450390625,3.66336328125,3.64875,21.25,21.437,21.375,21.812
1484262407.01,0.034538269043,3.60848632813,3.65457421875,3.66336523438,3.6487578125,21.25,21.5,21.375,21.812
1484262407.95,0.0801239013672,3.60847851562,3.65458789063,3.663375,3.64874609375,21.25,21.5,21.375,21.812
1484262409.01,-0.0470962524414,3.608484375,3.65449609375,3.6633671875,3.64875390625,21.25,21.437,21.375,21.812
1484262409.9,-0.0165786743164,3.60850195313,3.6545078125,3.66336914062,3.64875,21.25,21.437,21.375,21.812
1484262410.95,-0.0226821899414,3.608484375,3.65455273438,3.663359375,3.64874609375,21.187,21.5,21.812,21.375
1484262411.95,-0.146087646484,3.60848828125,3.65448828125,3.663359375,3.64874804688,21.187,21.5,21.812,21.375
1484262412.96,0.052848815918,3.60847265625,3.6545,3.66336132813,3.64874609375,21.25,21.437,21.812,21.375
1484262413.96,0.0232849121094,3.60848242188,3.65458203125,3.66336914062,3.6487421875,21.25,21.437,21.812,21.375
1484262414.96,-0.0524368286133,3.60849023438,3.65455078125,3.66337109375,3.64873828125,21.187,21.5,21.375,21.812
1484262415.96,0.0551376342773,3.6084921875,3.65454492187,3.66336914062,3.64874414062,21.187,21.5,21.375,21.812
1484262416.96,0.0583801269531,3.60849023438,3.65452148438,3.66336328125,3.64875390625,21.25,21.5,21.375,21.812
1484262417.91,0.0288162231445,3.6084921875,3.65453125,3.66337109375,3.64875,21.25,21.5,21.375,21.812
1484262418.91,0.0490341186523,3.60848632813,3.65453515625,3.6633828125,3.64874804688,21.187,21.437,21.375,21.812
1484262419.91,0.022331237793,3.60849023438,3.65452929688,3.66337109375,3.64875,21.187,21.437,21.375,21.812
1484262420.96,-0.11156463623,3.60849023438,3.65453125,3.66336132813,3.64875195313,21.25,21.5,21.812,21.375
1484262421.96,0.0179443359375,3.60848046875,3.65453125,3.66336328125,3.6487421875,21.25,21.5,21.812,21.375
1484262422.97,-0.0821914672852,3.608484375,3.65455273438,3.66337109375,3.64875195313,21.25,21.5,21.375,21.812
1484262423.97,-0.0984039306641,3.6084921875,3.65455273438,3.66335351562,3.64874804688,21.25,21.5,21.375,21.812
1484262424.97,-0.0865783691406,3.60849023438,3.65455078125,3.66336914062,3.6487421875,21.187,21.5,21.375,21.812
1484262425.97,-0.0978317260742,3.608484375,3.6545390625,3.66336914062,3.64875,21.187,21.5,21.375,21.812
1484262426.97,0.117698669434,3.6084765625,3.6545234375,3.66337304687,3.64875195313,21.187,21.437,21.375,21.812
1484262427.97,-0.0507202148438,3.608484375,3.65457226563,3.66336914062,3.64874414062,21.187,21.437,21.375,21.812
1484262428.92,-0.0144805908203,3.60847851562,3.65455078125,3.66335351562,3.64875195313,21.187,21.375,21.437,21.812
1484262429.92,0.0749740600586,3.60847851562,3.6545078125,3.6633671875,3.64874804688,21.187,21.375,21.437,21.812
1484262430.97,0.00535583496094,3.60848828125,3.65451953125,3.663359375,3.6487421875,21.187,21.375,21.5,21.812
1484262431.98,0.105110168457,3.60848632813,3.65452929688,3.66336132813,3.6487421875,21.187,21.375,21.5,21.812
1484262432.98,0.0120315551758,3.60848046875,3.65453710938,3.6633671875,3.64874804688,21.25,21.5,21.375,21.812
1484262433.98,-0.016960144043,3.60847070313,3.65453125,3.663359375,3.64874804688,21.25,21.5,21.375,21.812
1484262434.98,0.0641021728516,3.608484375,3.65451171875,3.66336328125,3.64874023437,21.187,21.5,21.375,21.812
1484262435.98,0.00592803955078,3.60847070313,3.65452148438,3.66336523438,3.64874804688,21.187,21.5,21.375,21.812
1484262436.98,0.00459289550781,3.60848242188,3.65457421875,3.66336523438,3.64874804688,21.187,21.5,21.375,21.812
1484262437.98,0.0272903442383,3.6084921875,3.6545859375,3.66336132813,3.64874804688,21.187,21.5,21.375,21.812
1484262439.04,0.0578079223633,3.60847070313,3.65454296875,3.663359375,3.64875390625,21.25,21.5,21.375,21.812
1484262439.93,-0.0512924194336,3.60848046875,3.65452734375,3.66334960937,3.64874609375,21.25,21.5,21.375,21.812
1484262441.04,0.0564727783203,3.60848828125,3.65451953125,3.663359375,3.64874609375,21.25,21.5,21.812,21.437
1484262441.99,-0.00513458251953,3.60848046875,3.6545390625,3.66336132813,3.6487421875,21.25,21.5,21.812,21.437
1484262442.99,-0.0589218139648,3.6084921875,3.65452929688,3.66336523438,3.64874023437,21.312,21.375,21.812,21.5
1484262443.99,0.107398986816,3.60847851562,3.65453125,3.66335351562,3.64874414062,21.312,21.375,21.812,21.5
1484262444.99,-0.0430908203125,3.60848242188,3.6545625,3.66335351562,3.64874609375,21.312,21.5,21.375,21.812
1484262445.99,0.102821350098,3.60847070313,3.6545703125,3.66335546875,3.64874414062,21.312,21.5,21.375,21.812
1484262446.99,0.119415283203,3.60848828125,3.65454882813,3.66336523438,3.64873632813,21.312,21.375,21.5,21.812
1484262448.0,0.0314865112305,3.60850390625,3.65455273438,3.66335546875,3.64873242188,21.312,21.375,21.5,21.812
1484262448.94,0.0127944946289,3.60847265625,3.65453515625,3.66335546875,3.64873828125,21.312,21.437,21.375,21.812
1484262449.94,0.0127944946289,3.6084765625,3.65453710938,3.6633671875,3.64873632813,21.312,21.437,21.375,21.812
1484262451.0,0.0198516845703,3.60847851562,3.65453125,3.6633515625,3.6487421875,21.312,21.437,21.375,21.812
1484262452.0,0.065055847168,3.60847851562,3.65453125,3.66335351562,3.64873828125,21.312,21.437,21.375,21.812
1484262453.0,0.0774536132812,3.60847851562,3.65452734375,3.66335742188,3.64874609375,21.375,21.5,21.375,21.812
1484262454.0,0.0499877929688,3.60847851562,3.65452929688,3.66335742188,3.64873632813,21.375,21.5,21.375,21.812
1484262455.0,0.02099609375,3.6084765625,3.65452734375,3.66335351562,3.64873828125,21.375,21.5,21.375,21.812
1484262456.0,0.00287628173828,3.60847851562,3.65453125,3.66336523438,3.6487421875,21.375,21.5,21.375,21.812
1484262457.0,0.0253829956055,3.60848242188,3.6545234375,3.6633671875,3.6487421875,21.375,21.375,21.437,21.812
1484262458.01,-0.0488128662109,3.60848046875,3.65452539062,3.663359375,3.64874414062,21.375,21.375,21.437,21.812
1484262458.95,0.0234756469727,3.60848242188,3.65453125,3.6633515625,3.64873046875,21.375,21.5,21.375,21.812
1484262459.95,0.0152740478516,3.60847265625,3.65452929688,3.66334375,3.64873828125,21.375,21.5,21.375,21.812
1484262461.01,0.0372085571289,3.60848046875,3.6545234375,3.663359375,3.64873632813,21.375,21.5,21.375,21.812
1484262462.01,0.000778198242188,3.60846875,3.6545234375,3.663359375,3.6487421875,21.375,21.5,21.375,21.812
1484262463.01,0.0200424194336,3.60848242188,3.65453320313,3.66335742188,3.648734375,21.437,21.375,21.437,21.812
1484262464.01,0.0602874755859,3.60848242188,3.65454296875,3.66335546875,3.6487421875,21.437,21.375,21.437,21.812
1484262465.01,0.0484619140625,3.60848632813,3.65452539062,3.66335742188,3.6487421875,21.5,21.375,21.375,21.812
1484262466.01,-0.0459518432617,3.60847851562,3.654546875,3.6633515625,3.6487421875,21.5,21.375,21.375,21.812
1484262467.02,0.0496063232422,3.60847070313,3.65450390625,3.66336132813,3.64873632813,21.375,21.5,21.375,21.812
1484262468.08,0.0185165405273,3.60848242188,3.65453320313,3.66335546875,3.6487265625,21.375,21.5,21.375,21.812
1484262469.02,-0.0676956176758,3.60846875,3.65453320313,3.66335742188,3.6487421875,21.375,21.5,21.375,21.812
1484262470.02,-0.0257339477539,3.60847851562,3.65452734375,3.66336328125,3.64873242188,21.375,21.5,21.375,21.812
1484262471.02,-0.119384765625,3.60847265625,3.6545234375,3.6633671875,3.64874414062,21.375,21.5,21.437,21.812
1484262472.02,0.145927429199,3.6084765625,3.65448828125,3.66334960937,3.648734375,21.375,21.5,21.437,21.812
1484262473.02,0.168243408203,3.60847460937,3.654546875,3.66335546875,3.64873828125,21.312,21.5,21.812,21.375
1484262474.02,0.0412139892578,3.60847460937,3.65451953125,3.66335742188,3.64873632813,21.312,21.5,21.812,21.375
1484262475.03,-0.130638122559,3.60846289063,3.6545078125,3.663359375,3.64874023437,21.5,21.312,21.375,21.812
1484262476.03,0.0982437133789,3.60848046875,3.65451953125,3.66335546875,3.6487421875,21.5,21.312,21.375,21.812
1484262477.03,0.149551391602,3.60846289063,3.65452734375,3.66335742188,3.64873828125,21.312,21.5,21.375,21.812
1484262478.03,-0.0333633422852,3.60846289063,3.65451171875,3.66335351562,3.64872851563,21.312,21.5,21.375,21.812
1484262479.08,0.065055847168,3.60849609375,3.65453515625,3.66335546875,3.648734375,21.312,21.5,21.375,21.812
1484262480.03,0.0057373046875,3.60847070313,3.65450976563,3.66335742188,3.64874023437,21.312,21.5,21.375,21.812
1484262481.08,0.0980529785156,3.60847265625,3.654546875,3.66335351562,3.648734375,21.312,21.5,21.437,21.812
1484262482.03,-0.180038452148,3.6084609375,3.65454296875,3.6633515625,3.64873632813,21.312,21.5,21.437,21.812
1484262483.04,-0.0499572753906,3.60849414062,3.65449414063,3.66335546875,3.648734375,21.312,21.5,21.375,21.812
1484262484.04,-0.103744506836,3.60847265625,3.65450585937,3.66334960937,3.64873242188,21.312,21.5,21.375,21.812
1484262485.04,0.0347290039062,3.608453125,3.65451171875,3.66335351562,3.64874023437,21.25,21.5,21.812,21.437
1484262486.04,-0.0408020019531,3.6084765625,3.65456445312,3.66334570313,3.648734375,21.25,21.5,21.812,21.437
1484262487.04,0.0539932250977,3.60845117188,3.65454882813,3.6633515625,3.64873242188,21.25,21.5,21.375,21.812
1484262488.04,-0.0232543945312,3.60846289063,3.65451953125,3.6633515625,3.64873242188,21.25,21.5,21.375,21.812
1484262489.04,0.00516510009766,3.6084765625,3.6545078125,3.66334960937,3.64873242188,21.25,21.437,21.437,21.812
1484262490.04,0.00802612304688,3.6084765625,3.654484375,3.66334960937,3.64873632813,21.25,21.437,21.437,21.812
1484262491.04,-0.00513458251953,3.60846289063,3.65454101562,3.66334375,3.64872851563,21.312,21.375,21.812,21.5
1484262492.05,0.0499877929688,3.60847851562,3.65452539062,3.66336328125,3.648734375,21.312,21.375,21.812,21.5
1484262493.05,-0.0154342651367,3.60846875,3.65453710938,3.66334375,3.64873632813,21.25,21.437,21.812,21.375
1484262494.05,0.0364456176758,3.60846484375,3.65454296875,3.66334765625,3.64872851563,21.25,21.437,21.812,21.375
1484262495.05,-0.033935546875,3.60848632813,3.65446679687,3.66335351562,3.648734375,21.25,21.5,21.375,21.812
1484262496.05,-0.0499572753906,3.60846679688,3.65448632812,3.6633515625,3.6487265625,21.25,21.5,21.375,21.812
1484262497.05,0.0185165405273,3.60846484375,3.65453515625,3.66334179688,3.64873632813,21.25,21.5,21.812,21.437
1484262498.05,-0.0404205322266,3.60846679688,3.65452929688,3.66335351562,3.64873828125,21.25,21.5,21.812,21.437
1484262499.05,-0.0116195678711,3.60846875,3.65452734375,3.66335351562,3.64872265625,21.25,21.5,21.375,21.812
1484262500.06,-0.0318374633789,3.60848828125,3.6545234375,3.6633515625,3.648734375,21.25,21.5,21.375,21.812
1484262501.06,0.0129852294922,3.60847460937,3.65454296875,3.66334570313,3.648734375,21.25,21.5,21.812,21.437
1484262502.06,-0.0116195678711,3.60846679688,3.65449609375,3.66334570313,3.64873046875,21.25,21.5,21.812,21.437
1484262503.06,0.0290069580078,3.60846289063,3.65457226563,3.66334570313,3.64872851563,21.25,21.375,21.437,21.812
1484262504.06,0.0269088745117,3.60846484375,3.65451953125,3.66335351562,3.64874023437,21.25,21.375,21.437,21.812
1484262505.06,0.0385437011719,3.60846875,3.65450585937,3.66334570313,3.648734375,21.312,21.5,21.375,21.812
1484262506.06,-0.0247802734375,3.60846484375,3.65452539062,3.66334179688,3.64873632813,21.312,21.5,21.375,21.812
1484262507.13,-0.0398483276367,3.6084609375,3.65451367188,3.66334960937,3.64872070312,21.312,21.375,21.5,21.812
1484262508.07,-0.0301208496094,3.60847851562,3.654484375,3.66334765625,3.64873046875,21.312,21.375,21.5,21.812
1484262509.06,-0.0308837890625,3.60846679688,3.65449414063,3.66334179688,3.648734375,21.312,21.5,21.375,21.812
1484262510.07,-0.0160064697266,3.60846679688,3.6545234375,3.66334570313,3.6487265625,21.312,21.5,21.375,21.812
1484262511.07,-0.141510009766,3.6084609375,3.65452929688,3.66334375,3.64873632813,21.312,21.375,21.5,21.812
1484262512.07,-0.0440444946289,3.60847851562,3.65455273438,3.66334765625,3.64873242188,21.312,21.375,21.5,21.812
1484262513.07,0.0457916259766,3.60845507812,3.65450195313,3.66334375,3.64872851563,21.375,21.5,21.437,21.812
1484262514.07,-0.00494384765625,3.60846875,3.65452539062,3.66334765625,3.648734375,21.375,21.5,21.437,21.812
1484262515.07,-0.0438537597656,3.60848242188,3.654546875,3.66333789063,3.64873242188,21.312,21.375,21.5,21.812
1484262516.08,-0.0436630249023,3.60846289063,3.6545078125,3.66334960937,3.64872460937,21.312,21.375,21.5,21.812
1484262517.08,-0.130256652832,3.6084609375,3.65454101562,3.66335546875,3.64872851563,21.5,21.375,21.375,21.812
1484262518.08,-0.00933074951172,3.60847460937,3.6545078125,3.66335546875,3.64873046875,21.5,21.375,21.375,21.812
1484262519.08,-0.0140991210938,3.60847460937,3.65453710938,3.66335546875,3.64872460937,21.312,21.5,21.812,21.375
1484262520.08,-0.242599487305,3.60848242188,3.65450585937,3.66334765625,3.64873046875,21.312,21.5,21.812,21.375
1484262521.08,0.275817871094,3.60845703125,3.65453710938,3.66334960937,3.64872460937,21.375,21.5,21.375,21.812
1484262522.08,-0.142845153809,3.60846289063,3.65448828125,3.66333789063,3.64872460937,21.375,21.5,21.375,21.812
1484262523.08,-0.0249710083008,3.60846484375,3.65451953125,3.66334570313,3.64873046875,21.312,21.375,21.5,21.812
1484262524.09,0.142112731934,3.60846484375,3.65454882813,3.66334765625,3.64872265625,21.312,21.375,21.5,21.812
1484262525.09,-0.212272644043,3.60846679688,3.65449414063,3.66334375,3.64872070312,21.375,21.5,21.437,21.812
1484262526.09,-0.0226821899414,3.60845703125,3.65448046875,3.66334960937,3.64872851563,21.375,21.5,21.437,21.812
1484262527.13,-0.0243988037109,3.60847265625,3.6545234375,3.66333789063,3.64872851563,21.312,21.5,21.437,21.812
1484262528.03,-0.0350799560547,3.60845507812,3.6545078125,3.66334570313,3.64872851563,21.312,21.5,21.437,21.812
1484262529.04,-0.0154342651367,3.60845898437,3.65446679687,3.66333984375,3.64873046875,21.312,21.812,21.5,21.375
1484262530.04,0.0126037597656,3.60847851562,3.65456445312,3.66334765625,3.64872265625,21.312,21.812,21.5,21.375
1484262531.14,-0.0383224487305,3.6084609375,3.65450195313,3.66334960937,3.64872460937,21.312,21.437,21.5,21.812
1484262532.04,-0.272163391113,3.60846875,3.65450195313,3.66334570313,3.64872460937,21.312,21.437,21.5,21.812
1484262533.04,-0.113090515137,3.60847070313,3.65449609375,3.66334960937,3.64873046875,21.312,21.5,21.375,21.812
1484262534.04,0.139823913574,3.60846484375,3.65456054687,3.66333398437,3.6487265625,21.312,21.5,21.375,21.812
1484262535.04,0.0326309204102,3.6084609375,3.65449609375,3.66331835938,3.64872070312,21.375,21.5,21.375,21.812
1484262536.1,-0.0243988037109,3.60846289063,3.6544921875,3.66333984375,3.64872851563,21.375,21.5,21.375,21.812
1484262537.1,-0.0423278808594,3.608453125,3.65451953125,3.66334179688,3.64872265625,21.312,21.5,21.812,21.437
1484262538.1,0.0438842773438,3.60846289063,3.65451757813,3.6633359375,3.64871875,21.312,21.5,21.812,21.437
1484262539.1,0.04541015625,3.60844726563,3.65451367188,3.66333203125,3.64872070312,21.312,21.5,21.437,21.812
1484262540.1,-0.0104751586914,3.60845898437,3.65448828125,3.66334375,3.64872460937,21.312,21.5,21.437,21.812
1484262541.1,0.0471267700195,3.60846289063,3.65447070312,3.66333789063,3.64872265625,21.5,21.312,21.375,21.812
1484262542.11,-0.05224609375,3.6084765625,3.65455078125,3.66334375,3.6487265625,21.5,21.312,21.375,21.812
1484262543.11,-0.0743713378906,3.6084609375,3.65452929688,3.6633359375,3.64872460937,21.312,21.5,21.437,21.812
1484262544.11,-0.00685119628906,3.60846289063,3.65451757813,3.66334179688,3.64872070312,21.312,21.5,21.437,21.812
1484262545.11,0.0290069580078,3.608453125,3.65451757813,3.66333398437,3.6487265625,21.375,21.5,21.375,21.812
1484262546.11,0.00535583496094,3.60845507812,3.65446679687,3.66334765625,3.64872265625,21.375,21.5,21.375,21.812
1484262547.11,0.0129852294922,3.60845898437,3.65452929688,3.663328125,3.6487265625,21.312,21.5,21.375,21.812
1484262548.11,0.0137481689453,3.60845898437,3.65448046875,3.66333984375,3.64872851563,21.312,21.5,21.375,21.812
1484262549.11,0.112930297852,3.60846679688,3.65453515625,3.66332617188,3.64872070312,21.375,21.5,21.812,21.375
1484262550.12,0.0702056884766,3.60846289063,3.65449609375,3.66334570313,3.64872460937,21.375,21.5,21.812,21.375
1484262551.12,-0.0310745239258,3.60845898437,3.65447851563,3.66334960937,3.64873242188,21.437,21.437,21.375,21.812
1484262552.12,0.0986251831055,3.60846289063,3.65449609375,3.66333398437,3.6487265625,21.437,21.437,21.375,21.812
1484262553.18,0.0145111083984,3.60847851562,3.6544921875,3.66333789063,3.64871875,21.375,21.5,21.437,21.812
1484262554.12,0.019660949707,3.60846875,3.65451953125,3.66333984375,3.64872265625,21.375,21.5,21.437,21.812
1484262555.18,-0.0335540771484,3.60846484375,3.65445703125,3.66333203125,3.64872265625,21.375,21.5,21.375,21.812
1484262556.12,0.0158462524414,3.6084609375,3.65451367188,3.66333398437,3.64872460937,21.375,21.5,21.375,21.812
1484262557.12,-0.0783767700195,3.60845507812,3.65451171875,3.66333203125,3.6487265625,21.437,21.5,21.437,21.812
1484262558.12,0.00993347167969,3.6084609375,3.6545234375,3.66334179688,3.64871875,21.437,21.5,21.437,21.812
1484262559.12,-0.00284576416016,3.60845507812,3.6545,3.66333984375,3.64871679688,21.375,21.5,21.375,21.812
1484262560.07,-0.00685119628906,3.60847851562,3.65448242188,3.66333789063,3.64872460937,21.375,21.5,21.375,21.812
1484262561.13,-0.0182952880859,3.60846289063,3.65450390625,3.6633359375,3.64871484375,21.375,21.5,21.812,21.437
1484262562.12,-0.00399017333984,3.60845507812,3.65448632812,3.66333789063,3.6487265625,21.375,21.5,21.812,21.437
1484262563.13,-0.0301208496094,3.60845703125,3.65446484375,3.6633359375,3.6487109375,21.375,21.5,21.812,21.437
1484262564.07,0.0307235717773,3.60844921875,3.65453515625,3.66333007812,3.64872460937,21.375,21.5,21.812,21.437
1484262565.08,-0.00933074951172,3.60845117188,3.6544921875,3.663359375,3.6487109375,21.375,21.375,21.5,21.812
1484262566.13,0.0370178222656,3.60845507812,3.65451953125,3.66333007812,3.64871484375,21.375,21.375,21.5,21.812
1484262567.13,0.00115966796875,3.60846289063,3.65450585937,3.66333007812,3.64871679688,21.5,21.375,21.812,21.437
1484262568.13,0.0581893920898,3.608453125,3.6545234375,3.66333007812,3.64870898438,21.5,21.375,21.812,21.437
1484262569.14,0.0179443359375,3.60846289063,3.65450195313,3.66333203125,3.64872265625,21.375,21.5,21.812,21.437
1484262570.14,0.0438842773438,3.60844921875,3.6545,3.66333984375,3.64871484375,21.375,21.5,21.812,21.437
1484262571.14,0.00287628173828,3.60845898437,3.65448242188,3.66333398437,3.64871679688,21.375,21.5,21.437,21.812
1484262572.14,0.0192794799805,3.60845117188,3.65447460938,3.66333398437,3.64871679688,21.375,21.5,21.437,21.812
1484262573.14,0.0349197387695,3.60846484375,3.65451171875,3.6633359375,3.64872265625,21.5,21.375,21.437,21.812
1484262574.09,0.0126037597656,3.60846679688,3.65455664063,3.66333203125,3.64871484375,21.5,21.375,21.437,21.812
1484262575.09,0.0311050415039,3.60844921875,3.654484375,3.66333007812,3.64871484375,21.437,21.5,21.437,21.875
1484262576.2,0.0553283691406,3.608453125,3.65447070312,3.66333203125,3.64871875,21.437,21.5,21.437,21.875
1484262577.14,0.0587615966797,3.60846484375,3.65455664063,3.6633359375,3.64871679688,21.5,21.375,21.437,21.812
1484262578.09,0.0126037597656,3.60845898437,3.65448242188,3.66333398437,3.64872070312,21.5,21.375,21.437,21.812
1484262579.09,0.0106964111328,3.60845117188,3.65454492187,3.66333007812,3.64871484375,21.375,21.5,21.437,21.812
1484262580.09,0.0198516845703,3.60845898437,3.65449023437,3.66333789063,3.64871484375,21.375,21.5,21.437,21.812
1484262581.15,-0.00589752197266,3.6084609375,3.65448828125,3.66332226563,3.64870898438,21.375,21.5,21.437,21.812
1484262582.09,0.00363922119141,3.60845507812,3.6544765625,3.66333007812,3.64872265625,21.375,21.5,21.437,21.812
1484262583.1,0.00859832763672,3.60845507812,3.65452539062,3.66333203125,3.64871875,21.375,21.437,21.5,21.875
1484262584.1,0.0194702148438,3.60845898437,3.65450585937,3.663328125,3.64871484375,21.375,21.437,21.5,21.875
1484262585.1,0.00402069091797,3.60845117188,3.65445117187,3.66332226563,3.6487109375,21.375,21.5,21.375,21.875
1484262586.15,0.00402069091797,3.60845507812,3.65448046875,3.66332226563,3.64871484375,21.375,21.5,21.375,21.875
1484262587.16,-0.00284576416016,3.60844726563,3.65445703125,3.66333007812,3.64871289063,21.375,21.5,21.812,21.437
1484262588.1,0.0373992919922,3.60845703125,3.65451367188,3.66333007812,3.64871289063,21.375,21.5,21.812,21.437
1484262589.1,-0.016960144043,3.60845507812,3.65448046875,3.6633359375,3.64871679688,21.375,21.5,21.375,21.812
1484262590.1,0.0358734130859,3.60845507812,3.65454296875,3.66332617188,3.64871484375,21.375,21.5,21.375,21.812
1484262591.16,0.0118408203125,3.6084609375,3.654484375,3.66334179688,3.64870703125,21.375,21.5,21.437,21.875
1484262592.1,-0.00360870361328,3.60844921875,3.65446875,3.66331835938,3.64871289063,21.375,21.5,21.437,21.875
1484262593.11,0.0225219726562,3.608453125,3.654515625,3.66333789063,3.64871679688,21.375,21.437,21.812,21.5
1484262594.11,0.0181350708008,3.60845703125,3.65454492187,3.66333203125,3.64871679688,21.375,21.437,21.812,21.5
1484262595.11,0.00402069091797,3.60844921875,3.654546875,3.663328125,3.64871484375,21.375,21.5,21.812,21.437
1484262596.17,0.00115966796875,3.60844921875,3.65450585937,3.66333398437,3.64870117187,21.375,21.5,21.812,21.437
1484262597.17,0.0152740478516,3.60844335938,3.65447460938,3.66332421875,3.64871289063,21.375,21.812,21.5,21.437
1484262598.17,0.0236663818359,3.608453125,3.65447460938,3.66332421875,3.64871679688,21.375,21.812,21.5,21.437
1484262599.17,-0.000938415527344,3.60844140625,3.65446679687,3.66332421875,3.64870898438,21.375,21.5,21.437,21.812
1484262600.17,0.00115966796875,3.6084453125,3.65453125,3.66332617188,3.64871289063,21.375,21.5,21.437,21.812
1484262601.17,0.00249481201172,3.60843945312,3.65447851563,3.6633125,3.64871679688,21.375,21.5,21.437,21.875
1484262602.17,0.0415954589844,3.60845117188,3.65446484375,3.66333203125,3.6487109375,21.375,21.5,21.437,21.875
1484262603.22,0.0385437011719,3.60844335938,3.65454882813,3.66332421875,3.64870898438,21.375,21.5,21.812,21.437
1484262604.17,-0.021728515625,3.60843359375,3.65449609375,3.66332617188,3.6487109375,21.375,21.5,21.812,21.437
1484262605.22,-0.0356521606445,3.60844335938,3.65452539062,3.66332617188,3.64871484375,21.375,21.5,21.437,21.812
1484262606.12,0.0452194213867,3.60843554688,3.654515625,3.663328125,3.64871289063,21.375,21.5,21.437,21.812
1484262607.12,0.0362548828125,3.608453125,3.65449023437,3.66333007812,3.64871875,21.375,21.5,21.437,21.812
1484262608.13,0.00859832763672,3.6084375,3.65450195313,3.6633203125,3.64870898438,21.375,21.5,21.437,21.812
1484262609.12,0.0425491333008,3.60844140625,3.65447460938,3.6633203125,3.64870703125,21.375,21.5,21.437,21.812
1484262610.12,-0.0140991210938,3.60845507812,3.65447460938,3.66332226563,3.64870898438,21.375,21.5,21.437,21.812
1484262611.18,-0.0175323486328,3.60845117188,3.65452148438,3.6633125,3.64871289063,21.375,21.5,21.375,21.875
1484262612.18,0.002685546875,3.60844726563,3.65445507813,3.663328125,3.64870898438,21.375,21.5,21.375,21.875
1484262613.18,0.0108871459961,3.60845507812,3.65452734375,3.66332226563,3.64870703125,21.375,21.437,21.5,21.812
1484262614.18,0.00440216064453,3.60847070313,3.65450585937,3.66333203125,3.6487109375,21.375,21.437,21.5,21.812
1484262615.24,0.0375900268555,3.60844140625,3.6545078125,3.6633203125,3.64870703125,21.375,21.5,21.375,21.812
1484262616.13,-0.0314559936523,3.60843945312,3.65451757813,3.663328125,3.64871289063,21.375,21.5,21.375,21.812
1484262617.13,0.0326309204102,3.60844921875,3.65451367188,3.66332226563,3.64870898438,21.437,21.5,21.437,21.812
1484262618.13,-0.00437164306641,3.60847070313,3.65448828125,3.66333007812,3.64872070312,21.437,21.5,21.437,21.812
1484262619.13,0.000968933105469,3.60845117188,3.65453125,3.66333398437,3.64871289063,21.437,21.5,21.437,21.812
1484262620.13,-0.00284576416016,3.60843554688,3.6545,3.66332617188,3.64871484375,21.437,21.5,21.437,21.812
1484262621.19,-0.026496887207,3.6084453125,3.65445507813,3.663328125,3.648703125,21.5,21.812,21.437,21.437
1484262622.19,0.0127944946289,3.60844726563,3.65451757813,3.66332421875,3.64869921875,21.5,21.812,21.437,21.437
1484262623.19,0.0244293212891,3.60845898437,3.65448242188,3.66332421875,3.64870507812,21.437,21.5,21.437,21.875
1484262624.2,0.0244293212891,3.60843554688,3.65449609375,3.66331054688,3.64870898438,21.437,21.5,21.437,21.875
1484262625.2,0.0309143066406,3.6084609375,3.65445703125,3.66332226563,3.64871875,21.5,21.812,21.437,21.437
1484262626.2,0.0208053588867,3.6084296875,3.65449609375,3.66331835938,3.64870703125,21.5,21.812,21.437,21.437
1484262627.2,0.0181350708008,3.60843945312,3.65452734375,3.66332421875,3.64870703125,21.437,21.437,21.5,21.812
1484262628.14,0.0394973754883,3.6084609375,3.654484375,3.66332226563,3.64870507812,21.437,21.437,21.5,21.812
1484262629.15,0.0158462524414,3.6084453125,3.65449414063,3.66331445312,3.64870898438,21.437,21.5,21.437,21.875
1484262630.15,0.0335845947266,3.60843945312,3.654484375,3.66331640625,3.64869921875,21.437,21.5,21.437,21.875
1484262631.2,0.0103149414062,3.60843554688,3.65450585937,3.66331445312,3.64870507812,21.437,21.875,21.437,21.5
1484262632.2,0.00344848632812,3.60844335938,3.65448828125,3.66331835938,3.6486953125,21.437,21.875,21.437,21.5
1484262633.21,0.00135040283203,3.60843945312,3.65450195313,3.66332421875,3.64870703125,21.437,21.5,21.875,21.437
1484262634.21,0.000778198242188,3.60846875,3.65448632812,3.66331445312,3.64870117187,21.437,21.5,21.875,21.437
1484262635.21,-0.0364151000977,3.60843554688,3.65445507813,3.66331445312,3.64869921875,21.437,21.5,21.437,21.875
1484262636.21,0.0250015258789,3.6084375,3.6544609375,3.6633203125,3.64871289063,21.437,21.5,21.437,21.875
1484262637.21,0.0419769287109,3.60844335938,3.654484375,3.66333203125,3.64870703125,21.437,21.5,21.437,21.812
1484262638.16,-0.0257339477539,3.60843164063,3.6544453125,3.66331445312,3.64870703125,21.437,21.5,21.437,21.812
1484262639.16,0.019660949707,3.60843945312,3.65452539062,3.66331640625,3.64870898438,21.437,21.5,21.812,21.437
1484262640.16,0.00382995605469,3.60844726563,3.6544453125,3.66331640625,3.64870507812,21.437,21.5,21.812,21.437
1484262641.21,0.0179443359375,3.60844335938,3.65447460938,3.66331835938,3.64869726563,21.437,21.5,21.437,21.812
1484262642.16,0.0248107910156,3.60843164063,3.65450585937,3.6633203125,3.64870703125,21.437,21.5,21.437,21.812
1484262643.16,-0.00532531738281,3.60843554688,3.65446679687,3.66331054688,3.648703125,21.375,21.5,21.437,21.812
1484262644.16,-0.0316467285156,3.60843164063,3.65447265625,3.66331640625,3.64870703125,21.375,21.5,21.437,21.812
1484262645.16,0.0408325195312,3.60844726563,3.65451171875,3.66330273438,3.64870117187,21.375,21.5,21.437,21.875
1484262646.22,0.0387344360352,3.60843164063,3.65449023437,3.66331835938,3.64870703125,21.375,21.5,21.437,21.875
1484262647.25,0.00630950927734,3.60843554688,3.65451757813,3.66331445312,3.648703125,21.375,21.437,21.5,21.812
1484262648.17,0.0181350708008,3.6084453125,3.6544765625,3.66332226563,3.64870117187,21.375,21.437,21.5,21.812
1484262649.17,0.0415954589844,3.6084296875,3.6544921875,3.66331054688,3.64870703125,21.375,21.5,21.437,21.812
1484262650.18,0.0114593505859,3.60844140625,3.65447265625,3.66331445312,3.6487109375,21.375,21.5,21.437,21.812
1484262651.27,0.0190887451172,3.60844140625,3.65451367188,3.66331835938,3.64869726563,21.5,21.375,21.437,21.875
1484262652.17,-0.0104751586914,3.60843359375,3.6544765625,3.66331640625,3.648703125,21.5,21.375,21.437,21.875
1484262653.17,0.00974273681641,3.60843359375,3.6544609375,3.663328125,3.64869335938,21.5,21.375,21.437,21.875
1484262654.18,-0.000747680664062,3.6084375,3.6545,3.6633203125,3.648703125,21.5,21.375,21.437,21.875
1484262655.17,-0.00780487060547,3.60842773438,3.65453515625,3.66330859375,3.64870117187,21.312,21.5,21.437,21.875
1484262656.23,0.00287628173828,3.60844726563,3.65452734375,3.66331445312,3.648703125,21.312,21.5,21.437,21.875
1484262657.23,-0.0161972045898,3.6084375,3.65447070312,3.6633125,3.648703125,21.312,21.5,21.437,21.812
1484262658.23,0.002685546875,3.60843164063,3.65447851563,3.6633125,3.64869921875,21.312,21.5,21.437,21.812
1484262659.28,0.00249481201172,3.60843164063,3.65446875,3.66332226563,3.64869726563,21.312,21.5,21.437,21.875
1484262660.18,0.00382995605469,3.60844335938,3.65446679687,3.6633203125,3.64870703125,21.312,21.5,21.437,21.875
1484262661.19,0.0230941772461,3.6084296875,3.65447265625,3.66331445312,3.64869726563,21.312,21.5,21.437,21.875
1484262662.18,0.0253829956055,3.60843359375,3.65446875,3.66332226563,3.64869726563,21.312,21.5,21.437,21.875
1484262663.18,0.0480804443359,3.60843359375,3.65451953125,3.66331640625,3.648703125,21.312,21.5,21.437,21.875
1484262664.18,0.0164184570312,3.60843554688,3.6544921875,3.66332617188,3.64870117187,21.312,21.5,21.437,21.875
1484262665.19,-0.0362243652344,3.60844921875,3.65449023437,3.66332617188,3.64869335938,21.312,21.5,21.437,21.812
1484262666.24,0.0156555175781,3.60843164063,3.65448828125,3.66331445312,3.64870117187,21.312,21.5,21.437,21.812
1484262667.24,0.0126037597656,3.60842578125,3.6545078125,3.66331445312,3.64870898438,21.312,21.5,21.875,21.437
1484262668.19,0.039306640625,3.60843164063,3.65445117187,3.66331640625,3.64870117187,21.312,21.5,21.875,21.437
1484262669.19,0.0307235717773,3.60843164063,3.65447851563,3.66330078125,3.64869726563,21.437,21.875,21.312,21.5
1484262670.19,0.00783538818359,3.60843359375,3.65449414063,3.66330664063,3.648703125,21.437,21.875,21.312,21.5
1484262671.25,0.0282440185547,3.60843554688,3.65447851563,3.66331445312,3.64869335938,21.5,21.437,21.312,21.875
1484262672.19,-0.00475311279297,3.60844335938,3.654484375,3.66331640625,3.6486953125,21.5,21.437,21.312,21.875
1484262673.19,0.0145111083984,3.60843164063,3.65449609375,3.66330078125,3.64870117187,21.312,21.5,21.437,21.875
1484262674.19,-0.000556945800781,3.6084296875,3.65450585937,3.6633125,3.64869921875,21.312,21.5,21.437,21.875
1484262675.21,0.0417861938477,3.608453125,3.65449804688,3.66331835938,3.64869921875,21.312,21.5,21.437,21.875
1484262676.25,0.00516510009766,3.6084375,3.654484375,3.66331445312,3.6486953125,21.312,21.5,21.437,21.875
1484262677.25,0.04541015625,3.60844140625,3.65447265625,3.66330859375,3.6486953125,21.375,21.5,21.437,21.875
1484262678.2,0.0383529663086,3.60842773438,3.65449609375,3.6633046875,3.64870117187,21.375,21.5,21.437,21.875
1484262679.2,0.022331237793,3.60844726563,3.65448828125,3.66329882813,3.64869921875,21.375,21.5,21.437,21.875
1484262680.2,0.00611877441406,3.60843359375,3.65449023437,3.66332226563,3.64870117187,21.375,21.5,21.437,21.875
1484262681.26,0.016227722168,3.60842773438,3.65451953125,3.66331640625,3.64870117187,21.375,21.5,21.437,21.875
1484262682.26,-0.00799560546875,3.60841796875,3.65448242188,3.66331054688,3.64869335938,21.375,21.5,21.437,21.875
1484262683.26,0.0215682983398,3.60843554688,3.6544765625,3.66331054688,3.64869726563,21.375,21.5,21.875,21.437
1484262684.2,0.0415954589844,3.6084296875,3.65449804688,3.6633125,3.64870117187,21.375,21.5,21.875,21.437
1484262685.22,-0.00418090820312,3.6084296875,3.65448046875,3.66330859375,3.6486953125,21.375,21.5,21.437,21.875
1484262686.26,-0.00284576416016,3.6084375,3.65448242188,3.66331054688,3.64869140625,21.375,21.5,21.437,21.875
1484262687.26,0.0166091918945,3.60843554688,3.65448632812,3.66331054688,3.64868945313,21.375,21.875,21.437,21.5
1484262688.21,0.0127944946289,3.608421875,3.65448242188,3.66330078125,3.64869726563,21.375,21.875,21.437,21.5
1484262689.21,-0.0306930541992,3.60843554688,3.65447851563,3.66330664063,3.64869335938,21.375,21.5,21.437,21.875
1484262690.22,0.00859832763672,3.60844140625,3.65448828125,3.66332226563,3.64868945313,21.375,21.5,21.437,21.875
1484262691.27,0.0187072753906,3.60842578125,3.65447851563,3.66331640625,3.64869335938,21.375,21.5,21.437,21.812
1484262692.21,0.0202331542969,3.6084453125,3.65447265625,3.66330664063,3.64869140625,21.375,21.5,21.437,21.812
1484262693.21,-0.0161972045898,3.6084375,3.65447460938,3.663296875,3.6486953125,21.312,21.5,21.437,21.875
1484262694.21,0.00592803955078,3.60844335938,3.65448242188,3.66330859375,3.64869335938,21.312,21.5,21.437,21.875
1484262695.22,-0.00742340087891,3.60842773438,3.65448828125,3.6633046875,3.64869335938,21.375,21.5,21.437,21.875
1484262696.27,0.0166091918945,3.60845117188,3.654484375,3.66330273438,3.64869335938,21.375,21.5,21.437,21.875
1484262697.27,0.0227127075195,3.6084296875,3.654484375,3.66331445312,3.64868945313,21.5,21.375,21.437,21.875
1484262698.22,0.0217590332031,3.60842578125,3.65448632812,3.6633046875,3.64870507812,21.5,21.375,21.437,21.875
1484262699.22,-0.0116195678711,3.608421875,3.65446289063,3.6633046875,3.64869726563,21.375,21.5,21.437,21.812
1484262700.23,0.0152740478516,3.60842382813,3.65448632812,3.66330664063,3.64869140625,21.375,21.5,21.437,21.812
1484262701.28,-0.00475311279297,3.60841992187,3.65447851563,3.66330664063,3.64869335938,21.375,21.5,21.437,21.875
1484262702.28,-0.00170135498047,3.60842578125,3.65448242188,3.66329882813,3.64869335938,21.375,21.5,21.437,21.875
1484262703.34,0.00497436523438,3.60843164063,3.65443554688,3.66330664063,3.6486875,21.375,21.5,21.437,21.812
1484262704.28,0.00192260742188,3.60843554688,3.6544765625,3.66329882813,3.64868554687,21.375,21.5,21.437,21.812
1484262705.34,-0.00227355957031,3.60841601563,3.65446679687,3.66331054688,3.64868945313,21.375,21.5,21.437,21.875
1484262706.23,0.0154647827148,3.60844140625,3.65449023437,3.6633046875,3.64869140625,21.375,21.5,21.437,21.875
1484262707.23,0.00421142578125,3.60843359375,3.6544609375,3.6633046875,3.6486875,21.375,21.5,21.437,21.875
1484262708.23,-0.00399017333984,3.60842382813,3.65448242188,3.66330078125,3.64869140625,21.375,21.5,21.437,21.875
1484262709.23,0.0206146240234,3.60842773438,3.65446289063,3.66330273438,3.64869726563,21.375,21.5,21.437,21.875
1484262710.25,0.0087890625,3.6084296875,3.65448242188,3.66331054688,3.64868554687,21.375,21.5,21.437,21.875
1484262711.29,-0.0167694091797,3.6084140625,3.65447265625,3.66330078125,3.64869335938,21.375,21.437,21.562,21.875
1484262712.24,-0.00627899169922,3.60843164063,3.654484375,3.66330078125,3.64869335938,21.375,21.437,21.562,21.875
1484262713.23,-0.00875854492188,3.60841992187,3.65449023437,3.66330078125,3.6486875,21.375,21.5,21.812,21.437
1484262714.24,-0.00704193115234,3.60841210938,3.65447460938,3.66330273438,3.6486953125,21.375,21.5,21.812,21.437
1484262715.24,-0.020393371582,3.60842382813,3.65447851563,3.6633203125,3.64868945313,21.375,21.5,21.437,21.875
1484262716.24,0.00135040283203,3.60843164063,3.65447265625,3.66330078125,3.64868945313,21.375,21.5,21.437,21.875
1484262717.24,-0.0350799560547,3.6084375,3.6544765625,3.66328125,3.64869140625,21.437,21.5,21.437,21.875
1484262718.24,0.0181350708008,3.60841992187,3.65443554688,3.66329882813,3.64868164062,21.437,21.5,21.437,21.875
1484262719.24,0.00859832763672,3.608421875,3.65446875,3.66329882813,3.64868554687,21.437,21.5,21.437,21.812
1484262720.25,0.0124130249023,3.60841796875,3.65447265625,3.66330078125,3.6486875,21.437,21.5,21.437,21.812
1484262721.3,0.00554656982422,3.60843359375,3.65446679687,3.6633046875,3.64869140625,21.437,21.5,21.437,21.875
1484262722.24,-0.00799560546875,3.60842382813,3.6544921875,3.6633046875,3.64868359375,21.437,21.5,21.437,21.875
1484262723.24,-0.014289855957,3.60842773438,3.65447460938,3.66330664063,3.64868945313,21.437,21.5,21.812,21.437
1484262724.24,0.00592803955078,3.60842382813,3.65448046875,3.66330273438,3.6486796875,21.437,21.5,21.812,21.437
1484262725.25,0.0221405029297,3.60841796875,3.65448046875,3.66330664063,3.6486953125,21.437,21.5,21.875,21.437
1484262726.3,-0.0249710083008,3.6084296875,3.65447265625,3.66331054688,3.64868554687,21.437,21.5,21.875,21.437
1484262727.3,0.0280532836914,3.60841992187,3.65446679687,3.6633046875,3.6486875,21.437,21.5,21.437,21.875
1484262728.3,-0.00360870361328,3.60844726563,3.65447460938,3.66330273438,3.64869335938,21.437,21.5,21.437,21.875
1484262729.31,0.00688171386719,3.608421875,3.65447460938,3.66329101563,3.64869140625,21.437,21.5,21.437,21.812
1484262730.31,-0.0110473632812,3.60843164063,3.65449609375,3.66330664063,3.6486953125,21.437,21.5,21.437,21.812
1484262731.35,-0.00112915039062,3.608421875,3.65447851563,3.66329296875,3.6486875,21.437,21.437,21.5,21.875
1484262732.31,0.0269088745117,3.60842578125,3.65448242188,3.66330664063,3.64868554687,21.437,21.437,21.5,21.875
1484262733.31,0.00421142578125,3.6084375,3.65448242188,3.66329492187,3.64868554687,21.437,21.5,21.875,21.437
1484262734.31,0.00650024414062,3.60842382813,3.654484375,3.6633046875,3.64868359375,21.437,21.5,21.875,21.437
1484262735.31,-0.00570678710938,3.6084296875,3.65447851563,3.66328710938,3.64868554687,21.437,21.562,21.437,21.875
1484262736.31,0.00440216064453,3.60841992187,3.65444726562,3.66329492187,3.64869335938,21.437,21.562,21.437,21.875
1484262737.31,-0.0106658935547,3.6084296875,3.65448242188,3.66330273438,3.64868554687,21.437,21.5,21.437,21.875
1484262738.32,0.0232849121094,3.6084140625,3.65447265625,3.663296875,3.64868164062,21.437,21.5,21.437,21.875
1484262739.32,0.000205993652344,3.60842578125,3.65448828125,3.6633046875,3.64868554687,21.375,21.562,21.437,21.875
1484262740.32,0.0267181396484,3.6084140625,3.6544609375,3.6633046875,3.64868164062,21.375,21.562,21.437,21.875
1484262741.32,0.0202331542969,3.60839648438,3.65447460938,3.663296875,3.64868164062,21.562,21.437,21.437,21.875
1484262742.32,-0.00723266601562,3.60840625,3.65446289063,3.66329492187,3.6486875,21.562,21.437,21.437,21.875
1484262743.32,-0.00704193115234,3.608421875,3.65449609375,3.66330078125,3.64868554687,21.437,21.5,21.437,21.875
1484262744.27,0.0154647827148,3.60841015625,3.654484375,3.66330078125,3.64868359375,21.437,21.5,21.437,21.875
1484262745.28,-0.00685119628906,3.60842382813,3.65447460938,3.66330078125,3.64868359375,21.437,21.5,21.437,21.875
1484262746.33,-0.010856628418,3.60841015625,3.65448242188,3.66328710938,3.6486796875,21.437,21.5,21.437,21.875
1484262747.33,-0.00284576416016,3.60843554688,3.65447460938,3.66329296875,3.6486796875,21.437,21.5,21.437,21.875
1484262748.27,0.0124130249023,3.6084140625,3.65446679687,3.66329296875,3.64868164062,21.437,21.5,21.437,21.875
1484262749.27,0.0169906616211,3.60841992187,3.65447851563,3.66328515625,3.64868164062,21.437,21.5,21.437,21.875
1484262750.28,-0.00513458251953,3.60841210938,3.654453125,3.66329882813,3.6486875,21.437,21.5,21.437,21.875
1484262751.33,0.0057373046875,3.608421875,3.65446289063,3.66328710938,3.6486875,21.437,21.5,21.437,21.875
1484262752.33,0.0116500854492,3.60839453125,3.65448828125,3.66330078125,3.6486875,21.437,21.5,21.437,21.875
1484262753.33,0.00287628173828,3.60841601563,3.65444921875,3.66330078125,3.6486796875,21.437,21.437,21.5,21.875
1484262754.34,-0.0192489624023,3.60842773438,3.65451367188,3.663296875,3.6486796875,21.437,21.437,21.5,21.875
1484262755.29,0.0190887451172,3.60840234375,3.65448632812,3.66330859375,3.64868164062,21.562,21.437,21.437,21.875
1484262756.34,-0.00437164306641,3.60840625,3.65449609375,3.66330078125,3.64867773438,21.562,21.437,21.437,21.875
1484262757.39,0.0177536010742,3.60841992187,3.65446875,3.66329492187,3.6486796875,21.5,21.437,21.437,21.875
1484262758.34,0.00440216064453,3.60843164063,3.65447265625,3.66329492187,3.64868359375,21.5,21.437,21.437,21.875
1484262759.34,0.0188980102539,3.6084140625,3.6544765625,3.66330078125,3.64867773438,21.375,21.437,21.5,21.875
1484262760.35,-0.00151062011719,3.60841210938,3.65447265625,3.66329296875,3.64868359375,21.375,21.437,21.5,21.875
1484262761.34,-0.00170135498047,3.608421875,3.65446679687,3.66329492187,3.64868164062,21.375,21.875,21.562,21.437
1484262762.29,0.00783538818359,3.60840039062,3.65447070312,3.66328515625,3.64868164062,21.375,21.875,21.562,21.437
1484262763.29,-0.00704193115234,3.6084140625,3.65442578125,3.66329296875,3.64868164062,21.375,21.437,21.562,21.875
1484262764.29,0.00516510009766,3.6084296875,3.65447460938,3.66329296875,3.64867773438,21.375,21.437,21.562,21.875
1484262765.31,-0.0003662109375,3.60841601563,3.6544609375,3.66329882813,3.64868164062,21.375,21.437,21.875,21.5
1484262766.35,0.00554656982422,3.60840625,3.65447070312,3.66329296875,3.648671875,21.375,21.437,21.875,21.5
1484262767.35,-0.00341796875,3.60840234375,3.65447070312,3.66328320313,3.64867773438,21.437,21.5,21.437,21.875
1484262768.29,-0.0184860229492,3.60841210938,3.65448046875,3.6632890625,3.64868359375,21.437,21.5,21.437,21.875
1484262769.3,0.00955200195312,3.6084140625,3.65446289063,3.66328515625,3.64868164062,21.437,21.437,21.5,21.875
1484262770.32,0.0187072753906,3.60841015625,3.65446679687,3.66329296875,3.64867578125,21.437,21.437,21.5,21.875
1484262771.35,0.019660949707,3.6084453125,3.65445703125,3.66329492187,3.6486796875,21.437,21.5,21.437,21.875
1484262772.35,0.0118408203125,3.60839257813,3.65445898438,3.66329492187,3.64868164062,21.437,21.5,21.437,21.875
1484262773.36,0.0139389038086,3.60840039062,3.65447460938,3.663296875,3.64867578125,21.375,21.5,21.437,21.875
1484262774.36,0.00287628173828,3.6083671875,3.65447265625,3.66329492187,3.64867578125,21.375,21.5,21.437,21.875
1484262775.36,-0.00246429443359,3.6084375,3.65446289063,3.66328710938,3.64867578125,21.437,21.5,21.437,21.812
1484262776.36,0.00382995605469,3.608453125,3.65448046875,3.66329492187,3.64867773438,21.437,21.5,21.437,21.812
1484262777.43,-0.014289855957,3.6084140625,3.6544765625,3.66328710938,3.64867382813,21.437,21.5,21.437,21.875
1484262778.31,0.0106964111328,3.6084375,3.65444140625,3.663296875,3.64867773438,21.437,21.5,21.437,21.875
1484262779.31,-0.0301208496094,3.60840234375,3.65447265625,3.66329101563,3.6486796875,21.437,21.5,21.437,21.875
1484262780.33,-0.0213470458984,3.60845117188,3.65446679687,3.6632890625,3.64868164062,21.437,21.5,21.437,21.875
1484262781.36,-0.0133361816406,3.60841796875,3.65447070312,3.66329101563,3.64867382813,21.875,21.5,21.437,21.562
1484262782.37,-0.00761413574219,3.60842578125,3.65446875,3.66329882813,3.6486796875,21.875,21.5,21.437,21.562
1484262783.37,0.00650024414062,3.60841796875,3.65446679687,3.66328710938,3.64867773438,21.562,21.437,21.437,21.875
1484262784.37,0.0160369873047,3.60841210938,3.65446679687,3.66328710938,3.64866796875,21.562,21.437,21.437,21.875
1484262785.37,-0.0213470458984,3.60840625,3.65444335938,3.6632890625,3.64867578125,21.437,21.5,21.437,21.812
1484262786.37,-0.00399017333984,3.60841210938,3.65447070312,3.6632890625,3.64867773438,21.437,21.5,21.437,21.812
1484262787.37,0.00897979736328,3.60840820313,3.65446289063,3.66329101563,3.64867382813,21.437,21.437,21.5,21.875
1484262788.37,0.00402069091797,3.60839257813,3.65446289063,3.66329101563,3.64867578125,21.437,21.437,21.5,21.875
1484262789.37,-0.0106658935547,3.60840234375,3.65446289063,3.66329101563,3.6486796875,21.437,21.437,21.562,21.875
1484262790.38,-0.0379409790039,3.60841601563,3.65446484375,3.66328710938,3.648671875,21.437,21.437,21.562,21.875
1484262791.38,0.00821685791016,3.608421875,3.65446679687,3.66328710938,3.6486640625,21.437,21.875,21.5,21.437
1484262792.44,-0.0213470458984,3.6083984375,3.65446875,3.6632890625,3.6486796875,21.437,21.875,21.5,21.437
1484262793.38,-0.023063659668,3.60841210938,3.65448828125,3.66329882813,3.648671875,21.562,21.437,21.875,21.437
1484262794.38,-0.00627899169922,3.60841015625,3.65447851563,3.66328320313,3.64867578125,21.562,21.437,21.875,21.437
1484262795.38,0.0126037597656,3.60840234375,3.65448242188,3.66329296875,3.64867382813,21.5,21.437,21.437,21.875
1484262796.38,0.0181350708008,3.60838476562,3.654453125,3.66328710938,3.648671875,21.5,21.437,21.437,21.875
1484262797.38,0.00497436523438,3.60841015625,3.65447070312,3.66328515625,3.648671875,21.437,21.437,21.562,21.875
1484262798.39,-0.0234451293945,3.60841601563,3.6544921875,3.66327539062,3.6486796875,21.437,21.437,21.562,21.875
1484262799.39,-0.0268783569336,3.60841210938,3.65445117187,3.66328710938,3.6486796875,21.437,21.437,21.562,21.875
1484262800.39,0.0204238891602,3.60840039062,3.65446484375,3.66328320313,3.64866796875,21.437,21.437,21.562,21.875
1484262801.39,-0.0110473632812,3.60837890625,3.65446289063,3.66328320313,3.64867382813,21.437,21.5,21.875,21.437
1484262802.39,0.0137481689453,3.6083984375,3.65446875,3.66328320313,3.648671875,21.437,21.5,21.875,21.437
